#{"t_start": 1766727044.7866013, "env_id": "BipedalWalkerHardcore-v3"}
r,l,t
279.250666,1186,12.734707
