#{"t_start": 1766744530.3200717, "env_id": "BipedalWalkerHardcore-v3"}
r,l,t
288.019872,1037,10.968633
